commodity,arima_order,rmse,mae,mape
coffee,"(0, 1, 0)",1.2992880496306596,1.112293913043478,30.535433634681425
rice,"(0, 1, 0)",0.1392010719130393,0.1379917391304348,24.8462472506007
pepper,"(0, 1, 0)",0.6010015862418477,0.49428913043478234,10.868928277444633
